,0
0,*Mischievous Elixir
1,10 Dose Adrenaline Tap
2,10 Dose Anemone Feedback
3,10 Dose Anger of Incapacitation
4,10 Dose Ant's Potion
5,10 Dose Army Ant Potion
6,10 Dose Benefit Awareness I
7,10 Dose Benefit Awareness II
8,10 Dose Benefit Awareness III
9,10 Dose Benefit Awareness IV
10,10 Dose Bite of the Shissar
11,10 Dose Bitter Feedback
12,10 Dose Bixie Sting
13,10 Dose Blood of the Wolf
14,10 Dose Bloodpyre
15,10 Dose Breathless Mist
16,10 Dose Cloudy Potion
17,10 Dose Cold Awareness I
18,10 Dose Cold Awareness II
19,10 Dose Cold Awareness III
20,10 Dose Cold Awareness IV
21,10 Dose Confusing Whisper
22,10 Dose Crushed Vein
23,10 Dose Disease Awareness I
24,10 Dose Disease Awareness II
25,10 Dose Disease Awareness III
26,10 Dose Disease Awareness IV
27,10 Dose Dreams of Drusella
28,10 Dose Elixir of Concentration
29,10 Dose Elixir of Divine Endurance
30,10 Dose Elixir of Greater Concentration
31,10 Dose Essence of Barbarian
32,10 Dose Essence of Concealment
33,10 Dose Essence of Dark Elf
34,10 Dose Essence of Dwarf
35,10 Dose Essence of Erudite
36,10 Dose Essence of Gnome
37,10 Dose Essence of Gukta
38,10 Dose Essence of Half Elf
39,10 Dose Essence of Halfling
40,10 Dose Essence of High Elf
41,10 Dose Essence of Human
42,10 Dose Essence of Iksar
43,10 Dose Essence of Ogre
44,10 Dose Essence of Troll
45,10 Dose Essence of Vah Shir
46,10 Dose Essence of Wood Elf
47,10 Dose Ethira's Poison Antidote
48,10 Dose Flesh Rot
49,10 Dose Freezing Feedback
50,10 Dose Gate Potion
51,10 Dose Great Mystical Infusion
52,10 Dose Greater Null Potion
53,10 Dose Greater Potion of Antibody
54,10 Dose Greater Potion of Cohesion
55,10 Dose Greater Potion of Cold
56,10 Dose Greater Potion of Heat
57,10 Dose Greater Potion of Negation
58,10 Dose Greater Potion of Purity
59,10 Dose Greater Potion of Vigor
60,10 Dose Hawks Eye Tonic
61,10 Dose Heart Blaze
62,10 Dose Heat Awareness I
63,10 Dose Heat Awareness II
64,10 Dose Heat Awareness III
65,10 Dose Heat Awareness IV
66,10 Dose Itching Madness
67,10 Dose Kilva's Blistering Flesh
68,10 Dose Kilva's Skin of Flame
69,10 Dose Kithar's Disease Treatment
70,10 Dose Magic Awareness I
71,10 Dose Magic Awareness II
72,10 Dose Magic Awareness III
73,10 Dose Magic Awareness IV
74,10 Dose Mangled Tendon
75,10 Dose Mayong's Bane
76,10 Dose Mental Burn
77,10 Dose Mental Implosion
78,10 Dose Mind Shock
79,10 Dose Minor Irritation
80,10 Dose Minor Null Potion
81,10 Dose Minor Potion of Antibody
82,10 Dose Minor Potion of Cold
83,10 Dose Minor Potion of Heat
84,10 Dose Minor Potion of Purity
85,10 Dose Mist of the Wolf
86,10 Dose Mystical Aptitude Potion
87,10 Dose Mystical Infusion
88,10 Dose Nematocyst Poison
89,10 Dose Null Potion
90,10 Dose Oozing Irritation
91,10 Dose Paralyzing Neurotoxin
92,10 Dose Poison Awareness I
93,10 Dose Poison Awareness II
94,10 Dose Poison Awareness III
95,10 Dose Poison Awareness IV
96,10 Dose Potion Skin of Ro
97,10 Dose Potion of Accuracy
98,10 Dose Potion of Adroitness
99,10 Dose Potion of Antibody
100,10 Dose Potion of Antiweight
101,10 Dose Potion of Aquatic Haunt
102,10 Dose Potion of Assailing
103,10 Dose Potion of Calimony
104,10 Dose Potion of Charming Deceit
105,10 Dose Potion of Cohesion
106,10 Dose Potion of Cold
107,10 Dose Potion of Copal's Demise
108,10 Dose Potion of Dulsehound
109,10 Dose Potion of Fleeting Languor
110,10 Dose Potion of Gnomish Boils
111,10 Dose Potion of Gorging Toxin
112,10 Dose Potion of Graveyard Dust
113,10 Dose Potion of Gulon's Impunity
114,10 Dose Potion of Heat
115,10 Dose Potion of Lesser Accuracy
116,10 Dose Potion of Lesser Cohesion
117,10 Dose Potion of Lesser Power
118,10 Dose Potion of Lesser Stability
119,10 Dose Potion of Lesser Vigor
120,10 Dose Potion of Negation
121,10 Dose Potion of Power
122,10 Dose Potion of Purity
123,10 Dose Potion of Rejuvenation
124,10 Dose Potion of Shadeweaver
125,10 Dose Potion of Shumar's Breath
126,10 Dose Potion of Soluan's Vigor
127,10 Dose Potion of Spirit Shield
128,10 Dose Potion of Spurn Affliction
129,10 Dose Potion of Stability
130,10 Dose Potion of Stinging Wort
131,10 Dose Potion of Troll's Essence
132,10 Dose Potion of Twilight Mists
133,10 Dose Potion of Unlife Awareness
134,10 Dose Potion of Vampiric Spirit
135,10 Dose Potion of Vigor
136,10 Dose Potion of Vox's Vitality
137,10 Dose Potion of Wolves Blood
138,10 Dose Potion of Wrackbane
139,10 Dose Potion of the Bone Field
140,10 Dose Potion of the Frost
141,10 Dose Potion of the Swamp
142,10 Dose Rage of Incapacitation
143,10 Dose Scoriae Bite
144,10 Dose Scratching Madness
145,10 Dose Seeping Haze
146,10 Dose Serpent's Conviction
147,10 Dose Soul of the Incorporeal
148,10 Dose Spinal Disorientation
149,10 Dose Spine Bruiser
150,10 Dose Spine Rend
151,10 Dose Spinning Confusion
152,10 Dose Spirit Shift
153,10 Dose Sting of the Shissar
154,10 Dose Systemic Destruction
155,10 Dose Titan Potion
156,10 Dose Turtle's Drink
157,10 Dose Vascular Inferno
158,10 Dose Vial of Tamed Mercury
159,10 Dose Wasted Flesh
160,10 Dose Weightless Mist
161,10 Dose Withering Flesh
162,10 Dose Zombie Bane
163,10 Doses of Frosty Insurgency
164,10 Doses of Greater Accuracy
165,10 Doses of Greater Adroitness
166,10 Doses of Greater Power
167,10 Doses of Greater Rejuvenation
168,10 Doses of Greater Stability
169,10 Doses of Hathcoat's Spirit
170,10 Doses of Lesser Adroitness
171,10 Doses of Lesser Rejuvenation
172,10 Doses of Undead's Recourse
173,5 Dose Adrenaline Tap
174,5 Dose Anemone Feedback
175,5 Dose Anger of Incapacitation
176,5 Dose Ant's Potion
177,5 Dose Army Ant Potion
178,5 Dose Benefit Awareness I
179,5 Dose Benefit Awareness II
180,5 Dose Benefit Awareness III
181,5 Dose Benefit Awareness IV
182,5 Dose Bite of the Shissar
183,5 Dose Bitter Feedback
184,5 Dose Bixie Sting
185,5 Dose Blood of the Wolf
186,5 Dose Bloodpyre
187,5 Dose Breathless Mist
188,5 Dose Cloudy Potion
189,5 Dose Cold Awareness I
190,5 Dose Cold Awareness II
191,5 Dose Cold Awareness III
192,5 Dose Cold Awareness IV
193,5 Dose Confusing Whisper
194,5 Dose Crushed Vein
195,5 Dose Disease Awareness I
196,5 Dose Disease Awareness II
197,5 Dose Disease Awareness III
198,5 Dose Disease Awareness IV
199,5 Dose Dreams of Drusella
200,5 Dose Elixir of Concentration
201,5 Dose Elixir of Divine Endurance
202,5 Dose Elixir of Greater Concentration
203,5 Dose Essence of Barbarian
204,5 Dose Essence of Concealment
205,5 Dose Essence of Dark Elf
206,5 Dose Essence of Dwarf
207,5 Dose Essence of Erudite
208,5 Dose Essence of Gnome
209,5 Dose Essence of Gukta
210,5 Dose Essence of Half Elf
211,5 Dose Essence of Halfling
212,5 Dose Essence of High Elf
213,5 Dose Essence of Human
214,5 Dose Essence of Iksar
215,5 Dose Essence of Ogre
216,5 Dose Essence of Troll
217,5 Dose Essence of Vah Shir
218,5 Dose Essence of Wood Elf
219,5 Dose Ethira's Poison Antidote
220,5 Dose Flesh Rot
221,5 Dose Freezing Feedback
222,5 Dose Gate Potion
223,5 Dose Great Mystical Infusion
224,5 Dose Greater Null Potion
225,5 Dose Greater Potion of Accuracy
226,5 Dose Greater Potion of Antibody
227,5 Dose Greater Potion of Cohesion
228,5 Dose Greater Potion of Cold
229,5 Dose Greater Potion of Heat
230,5 Dose Greater Potion of Negation
231,5 Dose Greater Potion of Power
232,5 Dose Greater Potion of Purity
233,5 Dose Greater Potion of Stability
234,5 Dose Greater Potion of Vigor
235,5 Dose Hawks Eye Tonic
236,5 Dose Heart Blaze
237,5 Dose Heat Awareness I
238,5 Dose Heat Awareness II
239,5 Dose Heat Awareness III
240,5 Dose Heat Awareness IV
241,5 Dose Itching Madness
242,5 Dose Kilva's Blistering Flesh
243,5 Dose Kilva's Skin of Flame
244,5 Dose Kithar's Disease Treatment
245,5 Dose Magic Awareness I
246,5 Dose Magic Awareness II
247,5 Dose Magic Awareness III
248,5 Dose Magic Awareness IV
249,5 Dose Mangled Tendon
250,5 Dose Mayong's Bane
251,5 Dose Mental Burn
252,5 Dose Mental Implosion
253,5 Dose Mind Shock
254,5 Dose Minor Irritation
255,5 Dose Minor Null Potion
256,5 Dose Minor Potion of Antibody
257,5 Dose Minor Potion of Cold
258,5 Dose Minor Potion of Heat
259,5 Dose Minor Potion of Purity
260,5 Dose Mist of the Wolf
261,5 Dose Mystical Aptitude Potion
262,5 Dose Mystical Infusion
263,5 Dose Nematocyst Poison
264,5 Dose Null Potion
265,5 Dose Oozing Irritation
266,5 Dose Paralyzing Neurotoxin
267,5 Dose Poison Awareness I
268,5 Dose Poison Awareness II
269,5 Dose Poison Awareness III
270,5 Dose Poison Awareness IV
271,5 Dose Potion Skin of Ro
272,5 Dose Potion of Accuracy
273,5 Dose Potion of Adroitness
274,5 Dose Potion of Antibody
275,5 Dose Potion of Antiweight
276,5 Dose Potion of Aquatic Haunt
277,5 Dose Potion of Assailing
278,5 Dose Potion of Calimony
279,5 Dose Potion of Charming Deceit
280,5 Dose Potion of Cohesion
281,5 Dose Potion of Cold
282,5 Dose Potion of Copal's Demise
283,5 Dose Potion of Dulsehound
284,5 Dose Potion of Fleeting Languor
285,5 Dose Potion of Frosty Insurgency
286,5 Dose Potion of Gnomish Boils
287,5 Dose Potion of Gorging Toxin
288,5 Dose Potion of Graveyard Dust
289,5 Dose Potion of Gulon's Impunity
290,5 Dose Potion of Hathcoat's Spirit
291,5 Dose Potion of Heat
292,5 Dose Potion of Lesser Accuracy
293,5 Dose Potion of Lesser Adroitness
294,5 Dose Potion of Lesser Cohesion
295,5 Dose Potion of Lesser Power
296,5 Dose Potion of Lesser Stability
297,5 Dose Potion of Lesser Vigor
298,5 Dose Potion of Negation
299,5 Dose Potion of Power
300,5 Dose Potion of Purity
301,5 Dose Potion of Rejuvenation
302,5 Dose Potion of Shadeweaver
303,5 Dose Potion of Shumar's Breath
304,5 Dose Potion of Soluan's Vigor
305,5 Dose Potion of Spirit Shield
306,5 Dose Potion of Spurn Affliction
307,5 Dose Potion of Stability
308,5 Dose Potion of Stinging Wort
309,5 Dose Potion of Troll's Essence
310,5 Dose Potion of Twilight Mists
311,5 Dose Potion of Undead's Recourse
312,5 Dose Potion of Unlife Awareness
313,5 Dose Potion of Vampiric Spirit
314,5 Dose Potion of Vigor
315,5 Dose Potion of Vox's Vitality
316,5 Dose Potion of Wolves Blood
317,5 Dose Potion of Wrackbane
318,5 Dose Potion of the Bone Field
319,5 Dose Potion of the Frost
320,5 Dose Potion of the Incorporeal
321,5 Dose Potion of the Swamp
322,5 Dose Rage of Incapacitation
323,5 Dose Scoriae Bite
324,5 Dose Scratching Madness
325,5 Dose Seeping Haze
326,5 Dose Serpent's Conviction
327,5 Dose Spinal Disorientation
328,5 Dose Spine Bruiser
329,5 Dose Spine Rend
330,5 Dose Spinning Confusion
331,5 Dose Spirit Shift
332,5 Dose Sting of the Shissar
333,5 Dose Systemic Destruction
334,5 Dose Titan Potion
335,5 Dose Turtle's Drink
336,5 Dose Vascular Inferno
337,5 Dose Vial of Tamed Mercury
338,5 Dose Wasted Flesh
339,5 Dose Weightless Mist
340,5 Dose Withering Flesh
341,5 Dose Zombie Bane
342,5 Doses of Greater Adroitness
343,5 Doses of Greater Rejuvenation
344,5 Doses of Lesser Rejuvenation
345,Ability: Enchant Alaran Metal (x1)
346,Ability: Enchant Alaran Metal (x10)
347,Ability: Enchant Celestial Platinum (x1)
348,Ability: Enchant Celestial Platinum (x10)
349,Ability: Enchant Conflagrant Platinum (x1)
350,Ability: Enchant Conflagrant Platinum (x10)
351,Ability: Enchant Cosgrite (x1)
352,Ability: Enchant Cosgrite (x10)
353,Ability: Enchant Dwerium (x1)
354,Ability: Enchant Dwerium (x10)
355,Ability: Enchant Feymetal (x1)
356,Ability: Enchant Feymetal (x10)
357,Ability: Enchant Palladium (x1)
358,Ability: Enchant Palladium (x10)
359,Ability: Enchant Palladium Trio
360,Ability: Enchant Planar Alloy (x1)
361,Ability: Enchant Planar Alloy (x10)
362,Ability: Enchant Refined Restless Velium (x1)
363,Ability: Enchant Refined Restless Velium (x10)
364,Ability: Enchant Refined Velium (x1)
365,Ability: Enchant Refined Velium (x10)
366,Ability: Enchant Temporite (x1)
367,Ability: Enchant Temporite (x10)
368,Ability: Greater Mass Enchant Palladium
369,Absinth
370,Absinthe
371,Acantuss Mana Potion
372,Acidic Abrasive
373,Adrenaline Tap
374,Alaran Nostrum
375,Alliance Elixir
376,Ancient Hedgewizard Brew
377,Ancient Miasma
378,Anemone Feedback
379,Anger of Incapacitation
380,Anger of the Shissar I
381,Anger of the Shissar II
382,Anger of the Shissar III
383,Anger of the Shissar IV
384,Anger of the Shissar IX
385,Anger of the Shissar V
386,Anger of the Shissar VI
387,Anger of the Shissar VII
388,Anger of the Shissar VIII
389,Anger of the Shissar X
390,Anger of the Shissar XI
391,Anger of the Shissar XII
392,Anger of the Shissar XIII
393,Anger of the Shissar XIV
394,Anger of the Shissar XIX
395,Anger of the Shissar XV
396,Anger of the Shissar XVI
397,Anger of the Shissar XVII
398,Anger of the Shissar XVIII
399,Anger of the Shissar XX
400,Ant's Potion
401,Apexus Brain
402,Archer's Bane XI
403,Archer's Bane XII
404,Archer's Bane XIII
405,Archer's Bane XIV
406,Archer's Bane XIX
407,Archer's Bane XV
408,Archer's Bane XVI
409,Archer's Bane XVII
410,Archer's Bane XVIII
411,Archer's Bane XX
412,Army Ant Potion
413,Arx Mentis Formula
414,Arx Mentis Medicine
415,Aura of the Nightmoon
416,Bag of Bone Dust
417,Ball of Golem Clay
418,Bark Potion
419,Benefit Awareness I
420,Benefit Awareness II
421,Benefit Awareness III
422,Benefit Awareness IV
423,Benefit Awareness V
424,Bite of the Shissar
425,Bite of the Shissar I
426,Bite of the Shissar II
427,Bite of the Shissar III
428,Bite of the Shissar IV
429,Bite of the Shissar IX
430,Bite of the Shissar V
431,Bite of the Shissar VI
432,Bite of the Shissar VII
433,Bite of the Shissar VIII
434,Bite of the Shissar X
435,Bite of the Shissar XI
436,Bite of the Shissar XII
437,Bite of the Shissar XIII
438,Bite of the Shissar XIV
439,Bite of the Shissar XIX
440,Bite of the Shissar XV
441,Bite of the Shissar XVI
442,Bite of the Shissar XVII
443,Bite of the Shissar XVIII
444,Bite of the Shissar XX
445,Bitter Feedback
446,Bixie Sting
447,Black Gift Box
448,Blackberry-Infused Blackburrow Stout
449,Blacksmith's Bubbling Elixir
450,Blood Degradation Poison
451,Blood Porter
452,Blood of the Dhampyre
453,Blood of the Wolf
454,Bloodpyre
455,Blue Gift Box
456,Blue Holiday Sparkler
457,Blue Potion
458,Body Rot
459,Bottle of Adventure I
460,Bottle of Adventure II
461,Bottle of Adventure II
462,Bottle of Adventure II
463,Bottle of Adventure II (Heirloom)
464,Bottle of Adventure III
465,Bottle of Adventure III
466,Bottle of Adventure III
467,Bottle of Adventure IV
468,Bottle of Aged Bloodwine
469,Bottle of Alacrity I
470,Bottle of Alacrity II
471,Bottle of Alacrity III
472,Bottle of Alacrity IV
473,Bottle of Alacrity IX
474,Bottle of Alacrity V
475,Bottle of Alacrity VI
476,Bottle of Alacrity VII
477,Bottle of Alacrity VIII
478,Bottle of Alacrity X
479,Bottle of Aldo's Bitter Ale
480,Bottle of Aldo's Dead Frog Wine
481,Bottle of Ancient Deathbrewed Wine
482,Bottle of Bee Beer
483,Bottle of Buoyancy
484,Bottle of Clarity I
485,Bottle of Clarity II
486,Bottle of Clarity III
487,Bottle of Clarity IV
488,Bottle of Clarity IX
489,Bottle of Clarity V
490,Bottle of Clarity VI
491,Bottle of Clarity VII
492,Bottle of Clarity VIII
493,Bottle of Clarity X
494,Bottle of Clarity XI
495,Bottle of Clarity XII
496,Bottle of Clarity XIII
497,Bottle of Clarity XIV
498,Bottle of Clarity XV
499,Bottle of Clarity XVI
500,Bottle of Darkened Fungus Wine
501,Bottle of Darkened Orcish Spirits
502,Bottle of Desert Dry Ale
503,Bottle of Distilled Swamproot Pondwater
504,Bottle of Double Brewed Double Dry Stout
505,Bottle of Double Brewed Orcish Stout
506,Bottle of Drake Breath
507,Bottle of Endless Air
508,Bottle of Extra Dry Ale
509,Bottle of Hastened Adventure I
510,Bottle of Hastened Adventure II
511,Bottle of Hastened Adventure III
512,Bottle of Hastened Adventure III
513,Bottle of Health I
514,Bottle of Health I
515,Bottle of Health II
516,Bottle of Health III
517,Bottle of Health IV
518,Bottle of Health IX
519,Bottle of Health V
520,Bottle of Health VI
521,Bottle of Health VII
522,Bottle of Health VIII
523,Bottle of Health X
524,Bottle of Health XI
525,Bottle of Health XII
526,Bottle of Health XIII
527,Bottle of Health XIV
528,Bottle of Health XVI
529,Bottle of Ice Brewed Ale
530,Bottle of Iced White Wine
531,Bottle of Replenishment I
532,Bottle of Replenishment II
533,Bottle of Replenishment III
534,Bottle of Replenishment IV
535,Bottle of Replenishment IX
536,Bottle of Replenishment V
537,Bottle of Replenishment VI
538,Bottle of Replenishment VII
539,Bottle of Replenishment VIII
540,Bottle of Replenishment X
541,Bottle of Replenishment XI
542,Bottle of Replenishment XII
543,Bottle of Replenishment XIII
544,Bottle of Replenishment XIV
545,Bottle of Replenishment XVI
546,Bottle of See Invisible
547,Bottle of Shared Adventure I
548,Bottle of Shared Adventure I
549,Bottle of Shared Adventure II
550,Bottle of Shared Adventure III
551,Bottle of Shared Adventure III
552,Bottle of Speed
553,Bottle of Spirits I
554,Bottle of Spirits II
555,Bottle of Spirits III
556,Bottle of Spirits IV
557,Bottle of Spirits IX
558,Bottle of Spirits V
559,Bottle of Spirits VI
560,Bottle of Spirits VII
561,Bottle of Spirits VIII
562,Bottle of Spirits X
563,Bottle of Spirits XI
564,Bottle of Spirits XII
565,Bottle of Spirits XIII
566,Bottle of Spirits XIV
567,Bottle of Spirits XVI
568,Bottle of Stonewood Ale
569,Bottle of Ultravision
570,Bottle of Worm Wine
571,Bottle of the Avian I
572,Bottle of the Avian I
573,Bottle of the Avian II
574,Bottle of the Avian III
575,Bottle of the Avian IV
576,Bottle of the Avian IX
577,Bottle of the Avian V
578,Bottle of the Avian VI
579,Bottle of the Avian VII
580,Bottle of the Avian VIII
581,Bottle of the Avian X
582,Bottle of the Avian XI
583,Bottle of the Avian XII
584,Bottle of the Avian XIII
585,Bottle of the Avian XIV
586,Bottle of the Cetacean I
587,Bottle of the Cetacean I
588,Bottle of the Cetacean II
589,Bottle of the Cetacean III
590,Bottle of the Cetacean IV
591,Bottle of the Cetacean IX
592,Bottle of the Cetacean V
593,Bottle of the Cetacean VI
594,Bottle of the Cetacean VII
595,Bottle of the Cetacean VIII
596,Bottle of the Cetacean X
597,Bottle of the Cetacean XI
598,Bottle of the Cetacean XII
599,Bottle of the Cetacean XIII
600,Bottle of the Cetacean XIV
601,Bottle of the Ursine I
602,Bottle of the Ursine I
603,Bottle of the Ursine II
604,Bottle of the Ursine III
605,Bottle of the Ursine IV
606,Bottle of the Ursine IX
607,Bottle of the Ursine V
608,Bottle of the Ursine VI
609,Bottle of the Ursine VII
610,Bottle of the Ursine VIII
611,Bottle of the Ursine X
612,Bottle of the Ursine XI
613,Bottle of the Ursine XII
614,Bottle of the Ursine XIII
615,Bottle of the Ursine XIV
616,Brazier of Elemental Summoning
617,Breathless Mist
618,Brell's Best
619,Brew of the Planes
620,Brown Potion
621,Bubbling Blue Potion
622,Bubbling Brown Potion
623,Bubbling Green Potion
624,Bubbling Red Potion
625,Bubbling Vial of Accuracy
626,Bubbling Vial of Cohesion
627,Bubbling Vial of Power
628,Bubbling Vial of Rejuvenation
629,Bubbling Vial of Stability
630,Bubbling Vial of Vigor
631,Bubbling Yellow Potion
632,Burning Potion
633,Burning Salad
634,Can o` Whoop Ass
635,Canid Ascendant Potion
636,Carrion Queen Liver
637,Cask of Aged Bloodwine
638,Cask of Aldo's Bitter Ale
639,Cask of Aldo's Dead Frog Wine
640,Cask of Ancient Deathbrewed Wine
641,Cask of Bee Beer
642,Cask of Bloodroot Wine
643,Cask of Darkened Fungus Wine
644,Cask of Darkened Orcish Spirits
645,Cask of Desert Dry Ale
646,Cask of Distilled Swamproot Pondwater
647,Cask of Double Brewed Double Dry Stout
648,Cask of Double Brewed Orcish Stout
649,Cask of Extra Dry Ale
650,Cask of Ice Brewed Ale
651,Cask of Iced White Wine
652,Cask of Stonewood Ale
653,Cask of Worm Wine
654,Catspeed Concoction
655,Cazic's Blood
656,Ceremonial Elixir of Scholarship
657,Chalandria's Bite I
658,Chalandria's Bite II
659,Chalandria's Bite III
660,Chalandria's Bite IV
661,Chalandria's Bite IX
662,Chalandria's Bite V
663,Chalandria's Bite VI
664,Chalandria's Bite VII
665,Chalandria's Bite VIII
666,Chalandria's Bite X
667,Chalandria's Bite XI
668,Chalandria's Bite XII
669,Chalandria's Bite XIII
670,Chalandria's Bite XIV
671,Chalandria's Bite XV
672,Chalandria's Bite XVI
673,Chalandria's Bite XVII
674,Chalandria's Bite XVIII
675,Chaos Infused Velium Crystal
676,Chef's Instant Meal
677,Chronal Absinthe
678,Chronomage's Tonic
679,Circle of Stones
680,Clawskin Elixir
681,Clear Absinth
682,Clear Absinthe
683,Cloudy Potion
684,Cloudy Silver Potion
685,Cold Awareness I
686,Cold Awareness II
687,Cold Awareness III
688,Cold Awareness IV
689,Cold Awareness V
690,Complimentary Bottle of Adventure
691,Concentrated Chalandria's Bite I
692,Concentrated Chalandria's Bite II
693,Concentrated Chalandria's Bite III
694,Concentrated Chalandria's Bite IV
695,Concentrated Chalandria's Bite IX
696,Concentrated Chalandria's Bite V
697,Concentrated Chalandria's Bite VI
698,Concentrated Chalandria's Bite VII
699,Concentrated Chalandria's Bite VIII
700,Concentrated Chalandria's Bite X
701,Concentrated Chalandria's Bite XI
702,Concentrated Chalandria's Bite XII
703,Concentrated Chalandria's Bite XIII
704,Concentrated Chalandria's Bite XIV
705,Concentrated Chalandria's Bite XV
706,Concentrated Chalandria's Bite XVI
707,Concentrated Chalandria's Bite XVII
708,Concentrated Chalandria's Bite XVIII
709,Confusing Whisper
710,Consigned Bite of the Shissar I
711,Consigned Bite of the Shissar II
712,Consigned Bite of the Shissar III
713,Consigned Bite of the Shissar IV
714,Consigned Bite of the Shissar IX
715,Consigned Bite of the Shissar V
716,Consigned Bite of the Shissar VI
717,Consigned Bite of the Shissar VII
718,Consigned Bite of the Shissar VIII
719,Consigned Bite of the Shissar X
720,Consigned Bite of the Shissar XI
721,Consigned Bite of the Shissar XII
722,Consigned Bite of the Shissar XIII
723,Consigned Bite of the Shissar XIV
724,Consigned Bite of the Shissar XIX
725,Consigned Bite of the Shissar XV
726,Consigned Bite of the Shissar XVI
727,Consigned Bite of the Shissar XVII
728,Consigned Bite of the Shissar XVIII
729,Cosgrove Nostrum
730,Crimson Potion
731,Crusader's Tonic
732,Crushed Vein
733,Crystal Mana Tonic
734,Dakkan's Tonic
735,Devious Drakkin Potion
736,Diluted Ethernere Elixir
737,Disease Awareness I
738,Disease Awareness II
739,Disease Awareness III
740,Disease Awareness IV
741,Disease Awareness V
742,Distance Awareness I
743,Distance Awareness II
744,Distance Awareness III
745,Distance Awareness IV
746,Distance Awareness V
747,Distillate of Alacrity I
748,Distillate of Alacrity II
749,Distillate of Alacrity III
750,Distillate of Alacrity IV
751,Distillate of Alacrity IX
752,Distillate of Alacrity V
753,Distillate of Alacrity VI
754,Distillate of Alacrity VII
755,Distillate of Alacrity VIII
756,Distillate of Alacrity X
757,Distillate of Alacrity XV
758,Distillate of Antidote I
759,Distillate of Antidote II
760,Distillate of Antidote III
761,Distillate of Antidote IV
762,Distillate of Antidote IX
763,Distillate of Antidote V
764,Distillate of Antidote VI
765,Distillate of Antidote VII
766,Distillate of Antidote VIII
767,Distillate of Antidote X
768,Distillate of Antidote XI
769,Distillate of Antidote XII
770,Distillate of Antidote XIII
771,Distillate of Antidote XIV
772,Distillate of Antidote XV
773,Distillate of Antidote XVI
774,Distillate of Antidote XVII
775,Distillate of Celestial Healing I
776,Distillate of Celestial Healing II
777,Distillate of Celestial Healing III
778,Distillate of Celestial Healing IV
779,Distillate of Celestial Healing IX
780,Distillate of Celestial Healing V
781,Distillate of Celestial Healing VI
782,Distillate of Celestial Healing VII
783,Distillate of Celestial Healing VIII
784,Distillate of Celestial Healing X
785,Distillate of Celestial Healing XI
786,Distillate of Celestial Healing XII
787,Distillate of Celestial Healing XIII
788,Distillate of Celestial Healing XIV
789,Distillate of Celestial Healing XIX
790,Distillate of Celestial Healing XV
791,Distillate of Celestial Healing XVI
792,Distillate of Celestial Healing XVII
793,Distillate of Celestial Healing XVIII
794,Distillate of Celestial Healing XX
795,Distillate of Clarity I
796,Distillate of Clarity II
797,Distillate of Clarity III
798,Distillate of Clarity IV
799,Distillate of Clarity IX
800,Distillate of Clarity V
801,Distillate of Clarity VI
802,Distillate of Clarity VII
803,Distillate of Clarity VIII
804,Distillate of Clarity X
805,Distillate of Clarity XI
806,Distillate of Clarity XII
807,Distillate of Clarity XIII
808,Distillate of Clarity XIV
809,Distillate of Clarity XIX
810,Distillate of Clarity XV
811,Distillate of Clarity XVI
812,Distillate of Clarity XVII
813,Distillate of Clarity XVIII
814,Distillate of Clarity XX
815,Distillate of Comprehension I
816,Distillate of Comprehension II
817,Distillate of Comprehension III
818,Distillate of Comprehension IV
819,Distillate of Comprehension IX
820,Distillate of Comprehension V
821,Distillate of Comprehension VI
822,Distillate of Comprehension VII
823,Distillate of Comprehension VIII
824,Distillate of Comprehension X
825,Distillate of Comprehension XI
826,Distillate of Comprehension XII
827,Distillate of Comprehension XIII
828,Distillate of Comprehension XIV
829,Distillate of Comprehension XV
830,Distillate of Comprehension XVI
831,Distillate of Comprehension XVII
832,Distillate of Divine Healing I
833,Distillate of Divine Healing II
834,Distillate of Divine Healing III
835,Distillate of Divine Healing IV
836,Distillate of Divine Healing IX
837,Distillate of Divine Healing V
838,Distillate of Divine Healing VI
839,Distillate of Divine Healing VII
840,Distillate of Divine Healing VIII
841,Distillate of Divine Healing X
842,Distillate of Divine Healing XI
843,Distillate of Divine Healing XII
844,Distillate of Divine Healing XIII
845,Distillate of Divine Healing XIV
846,Distillate of Divine Healing XIX
847,Distillate of Divine Healing XV
848,Distillate of Divine Healing XVI
849,Distillate of Divine Healing XVII
850,Distillate of Divine Healing XVIII
851,Distillate of Divine Healing XX
852,Distillate of Health I
853,Distillate of Health II
854,Distillate of Health III
855,Distillate of Health IV
856,Distillate of Health IX
857,Distillate of Health V
858,Distillate of Health VI
859,Distillate of Health VII
860,Distillate of Health VIII
861,Distillate of Health X
862,Distillate of Health XI
863,Distillate of Health XII
864,Distillate of Health XIII
865,Distillate of Health XIV
866,Distillate of Health XIX
867,Distillate of Health XV
868,Distillate of Health XVI
869,Distillate of Health XVII
870,Distillate of Health XVIII
871,Distillate of Immunization I
872,Distillate of Immunization II
873,Distillate of Immunization III
874,Distillate of Immunization IV
875,Distillate of Immunization IX
876,Distillate of Immunization V
877,Distillate of Immunization VI
878,Distillate of Immunization VII
879,Distillate of Immunization VIII
880,Distillate of Immunization X
881,Distillate of Immunization XI
882,Distillate of Immunization XII
883,Distillate of Immunization XIII
884,Distillate of Immunization XIV
885,Distillate of Immunization XV
886,Distillate of Immunization XVI
887,Distillate of Immunization XVII
888,Distillate of Regeneration I
889,Distillate of Regeneration II
890,Distillate of Regeneration III
891,Distillate of Regeneration IV
892,Distillate of Regeneration IX
893,Distillate of Regeneration V
894,Distillate of Regeneration VI
895,Distillate of Regeneration VII
896,Distillate of Regeneration VIII
897,Distillate of Regeneration X
898,Distillate of Regeneration XI
899,Distillate of Regeneration XII
900,Distillate of Regeneration XIII
901,Distillate of Regeneration XIV
902,Distillate of Regeneration XV
903,Distillate of Regeneration XVI
904,Distillate of Regeneration XVII
905,Distillate of Replenishment I
906,Distillate of Replenishment II
907,Distillate of Replenishment III
908,Distillate of Replenishment IV
909,Distillate of Replenishment IX
910,Distillate of Replenishment V
911,Distillate of Replenishment VI
912,Distillate of Replenishment VII
913,Distillate of Replenishment VIII
914,Distillate of Replenishment X
915,Distillate of Replenishment XI
916,Distillate of Replenishment XII
917,Distillate of Replenishment XIII
918,Distillate of Replenishment XIV
919,Distillate of Replenishment XIX
920,Distillate of Replenishment XV
921,Distillate of Replenishment XVI
922,Distillate of Replenishment XVII
923,Distillate of Replenishment XVIII
924,Distillate of Replenishment XX
925,Distillate of Skinspikes I
926,Distillate of Skinspikes II
927,Distillate of Skinspikes III
928,Distillate of Skinspikes IV
929,Distillate of Skinspikes IX
930,Distillate of Skinspikes V
931,Distillate of Skinspikes VI
932,Distillate of Skinspikes VII
933,Distillate of Skinspikes VIII
934,Distillate of Skinspikes X
935,Distillate of Skinspikes XI
936,Distillate of Skinspikes XII
937,Distillate of Skinspikes XIII
938,Distillate of Skinspikes XIV
939,Distillate of Skinspikes XV
940,Distillate of Skinspikes XVI
941,Distillate of Skinspikes XVII
942,Distillate of Spirituality I
943,Distillate of Spirituality II
944,Distillate of Spirituality III
945,Distillate of Spirituality IV
946,Distillate of Spirituality IX
947,Distillate of Spirituality V
948,Distillate of Spirituality VI
949,Distillate of Spirituality VII
950,Distillate of Spirituality VIII
951,Distillate of Spirituality X
952,Distillate of Spirituality XI
953,Distillate of Spirituality XII
954,Distillate of Spirituality XIII
955,Distillate of Spirituality XIV
956,Distillate of Spirituality XIX
957,Distillate of Spirituality XV
958,Distillate of Spirituality XVI
959,Distillate of Spirituality XVII
960,Distillate of Spirituality XVIII
961,Distillate of Spirituality XX
962,Distilled Dragonblood Potion
963,Distilled Mana Tonic
964,Distilled Rootvein Potion
965,Distraction Device
966,Double Faction Potion
967,Drachnid Toxin
968,Draconic Formula
969,Draconic Poison
970,Dragonmagic Focus
971,Draught of Adventure
972,Draught of Grand Adventure
973,Draught of Orcish Grace
974,Draught of the Craftsman
975,Dreamer's Bliss
976,Dreams of Drusella
977,Drink in Case of Emergency
978,Dusty Ceremonial Elixir of Scholarship
979,E`ci's Lament I
980,E`ci's Lament II
981,E`ci's Lament III
982,E`ci's Lament IV
983,E`ci's Lament IX
984,E`ci's Lament V
985,E`ci's Lament VI
986,E`ci's Lament VII
987,E`ci's Lament VIII
988,E`ci's Lament X
989,E`ci's Lament XI
990,E`ci's Lament XII
991,E`ci's Lament XIII
992,E`ci's Lament XIV
993,E`ci's Lament XIX
994,E`ci's Lament XV
995,E`ci's Lament XVI
996,E`ci's Lament XVII
997,E`ci's Lament XVIII
998,E`ci's Lament XX
999,Efficiency Awareness I
1000,Efficiency Awareness II
1001,Efficiency Awareness III
1002,Efficiency Awareness IV
1003,Efficiency Awareness V
1004,Effusion of Bertoxxulous I
1005,Effusion of Bertoxxulous II
1006,Effusion of Bertoxxulous III
1007,Effusion of Bertoxxulous IV
1008,Effusion of Bertoxxulous IX
1009,Effusion of Bertoxxulous V
1010,Effusion of Bertoxxulous VI
1011,Effusion of Bertoxxulous VII
1012,Effusion of Bertoxxulous VIII
1013,Effusion of Bertoxxulous X
1014,Effusion of Bertoxxulous XI
1015,Effusion of Bertoxxulous XII
1016,Effusion of Bertoxxulous XIII
1017,Effusion of Bertoxxulous XIV
1018,Effusion of Bertoxxulous XV
1019,Effusion of Bertoxxulous XVI
1020,Effusion of Bertoxxulous XVII
1021,Effusion of Druzzil I
1022,Effusion of Druzzil II
1023,Effusion of Druzzil III
1024,Effusion of Druzzil IV
1025,Effusion of Druzzil IX
1026,Effusion of Druzzil V
1027,Effusion of Druzzil VI
1028,Effusion of Druzzil VII
1029,Effusion of Druzzil VIII
1030,Effusion of Druzzil X
1031,Effusion of Druzzil XI
1032,Effusion of Druzzil XII
1033,Effusion of Druzzil XIII
1034,Effusion of Druzzil XIV
1035,Effusion of Druzzil XV
1036,Effusion of Druzzil XVI
1037,Effusion of Druzzil XVII
1038,Effusion of E'ci I
1039,Effusion of E'ci II
1040,Effusion of E'ci III
1041,Effusion of E'ci IV
1042,Effusion of E'ci IX
1043,Effusion of E'ci V
1044,Effusion of E'ci VI
1045,Effusion of E'ci VII
1046,Effusion of E'ci VIII
1047,Effusion of E'ci X
1048,Effusion of E'ci XI
1049,Effusion of E'ci XII
1050,Effusion of E'ci XIII
1051,Effusion of E'ci XIV
1052,Effusion of E'ci XV
1053,Effusion of E'ci XVI
1054,Effusion of E'ci XVII
1055,Effusion of Fennin I
1056,Effusion of Fennin II
1057,Effusion of Fennin III
1058,Effusion of Fennin IV
1059,Effusion of Fennin IX
1060,Effusion of Fennin V
1061,Effusion of Fennin VI
1062,Effusion of Fennin VII
1063,Effusion of Fennin VIII
1064,Effusion of Fennin X
1065,Effusion of Fennin XI
1066,Effusion of Fennin XII
1067,Effusion of Fennin XIII
1068,Effusion of Fennin XIV
1069,Effusion of Fennin XV
1070,Effusion of Fennin XVI
1071,Effusion of Fennin XVII
1072,Effusion of Saryrn I
1073,Effusion of Saryrn II
1074,Effusion of Saryrn III
1075,Effusion of Saryrn IV
1076,Effusion of Saryrn IX
1077,Effusion of Saryrn V
1078,Effusion of Saryrn VI
1079,Effusion of Saryrn VII
1080,Effusion of Saryrn VIII
1081,Effusion of Saryrn X
1082,Effusion of Saryrn XI
1083,Effusion of Saryrn XII
1084,Effusion of Saryrn XIII
1085,Effusion of Saryrn XIV
1086,Effusion of Saryrn XV
1087,Effusion of Saryrn XVI
1088,Effusion of Saryrn XVII
1089,Elixir
1090,Elixir of Clear Mind
1091,Elixir of Concentration
1092,Elixir of Devotion
1093,Elixir of Divine Endurance
1094,Elixir of Ethercleansing
1095,Elixir of Greater Concentration
1096,Elixir of Soothing Ice
1097,Elixir of Soothing Sands
1098,Elixir of Stalwart Regeneration
1099,Elixir of the Avian I
1100,Elixir of the Avian II
1101,Elixir of the Avian III
1102,Elixir of the Avian IV
1103,Elixir of the Avian IX
1104,Elixir of the Avian V
1105,Elixir of the Avian VI
1106,Elixir of the Avian VII
1107,Elixir of the Avian VIII
1108,Elixir of the Avian X
1109,Elixir of the Avian XI
1110,Elixir of the Avian XII
1111,Elixir of the Avian XIII
1112,Elixir of the Avian XIV
1113,Elixir of the Avian XV
1114,Elixir of the Avian XVI
1115,Elixir of the Avian XVII
1116,Elixir of the Beast I
1117,Elixir of the Beast II
1118,Elixir of the Beast III
1119,Elixir of the Beast IV
1120,Elixir of the Beast IX
1121,Elixir of the Beast V
1122,Elixir of the Beast VI
1123,Elixir of the Beast VII
1124,Elixir of the Beast VIII
1125,Elixir of the Beast X
1126,Elixir of the Beast XI
1127,Elixir of the Beast XII
1128,Elixir of the Beast XIII
1129,Elixir of the Beast XIV
1130,Elixir of the Beast XV
1131,Elixir of the Beast XVI
1132,Elixir of the Beast XVII
1133,Elixir of the Cetacean I
1134,Elixir of the Cetacean II
1135,Elixir of the Cetacean III
1136,Elixir of the Cetacean IV
1137,Elixir of the Cetacean IX
1138,Elixir of the Cetacean V
1139,Elixir of the Cetacean VI
1140,Elixir of the Cetacean VII
1141,Elixir of the Cetacean VIII
1142,Elixir of the Cetacean X
1143,Elixir of the Cetacean XI
1144,Elixir of the Cetacean XII
1145,Elixir of the Cetacean XIII
1146,Elixir of the Cetacean XIV
1147,Elixir of the Cetacean XV
1148,Elixir of the Cetacean XVI
1149,Elixir of the Cetacean XVII
1150,Elixir of the Feline I
1151,Elixir of the Feline II
1152,Elixir of the Feline III
1153,Elixir of the Feline IV
1154,Elixir of the Feline IX
1155,Elixir of the Feline V
1156,Elixir of the Feline VI
1157,Elixir of the Feline VII
1158,Elixir of the Feline VIII
1159,Elixir of the Feline X
1160,Elixir of the Feline XI
1161,Elixir of the Feline XII
1162,Elixir of the Feline XIII
1163,Elixir of the Feline XIV
1164,Elixir of the Feline XV
1165,Elixir of the Feline XVI
1166,Elixir of the Feline XVII
1167,Elixir of the Seas
1168,Elixir of the Serpentine I
1169,Elixir of the Serpentine II
1170,Elixir of the Serpentine III
1171,Elixir of the Serpentine IV
1172,Elixir of the Serpentine IX
1173,Elixir of the Serpentine V
1174,Elixir of the Serpentine VI
1175,Elixir of the Serpentine VII
1176,Elixir of the Serpentine VIII
1177,Elixir of the Serpentine X
1178,Elixir of the Serpentine XI
1179,Elixir of the Serpentine XII
1180,Elixir of the Serpentine XIII
1181,Elixir of the Serpentine XIV
1182,Elixir of the Serpentine XV
1183,Elixir of the Serpentine XVI
1184,Elixir of the Serpentine XVII
1185,Elixir of the Simian I
1186,Elixir of the Simian II
1187,Elixir of the Simian III
1188,Elixir of the Simian IV
1189,Elixir of the Simian IX
1190,Elixir of the Simian V
1191,Elixir of the Simian VI
1192,Elixir of the Simian VII
1193,Elixir of the Simian VIII
1194,Elixir of the Simian X
1195,Elixir of the Simian XI
1196,Elixir of the Simian XII
1197,Elixir of the Simian XIII
1198,Elixir of the Simian XIV
1199,Elixir of the Simian XV
1200,Elixir of the Simian XVI
1201,Elixir of the Simian XVII
1202,Elixir of the Ursine I
1203,Elixir of the Ursine II
1204,Elixir of the Ursine III
1205,Elixir of the Ursine IV
1206,Elixir of the Ursine IX
1207,Elixir of the Ursine V
1208,Elixir of the Ursine VI
1209,Elixir of the Ursine VII
1210,Elixir of the Ursine VIII
1211,Elixir of the Ursine X
1212,Elixir of the Ursine XI
1213,Elixir of the Ursine XII
1214,Elixir of the Ursine XIII
1215,Elixir of the Ursine XIV
1216,Elixir of the Ursine XV
1217,Elixir of the Ursine XVI
1218,Elixir of the Ursine XVII
1219,"Empty Vial Labeled ""Glade Water"""
1220,"Empty Vial Labeled ""Lake Water"""
1221,"Empty Vial Labeled ""Pond Water"""
1222,"Empty Vial Labeled ""Sea Water"""
1223,Encased Mnemonic Vapor
1224,Enchanted Sugar Cake
1225,Enhancement Potion
1226,Essence Tincture
1227,Essence of Barbarian
1228,Essence of Barbarian
1229,Essence of Basilisk
1230,Essence of Bear
1231,Essence of Concealment
1232,Essence of Corroded Clockwork
1233,Essence of Dark Elf
1234,Essence of Dark Elf
1235,Essence of Drakkin
1236,Essence of Dwarf
1237,Essence of Dwarf
1238,Essence of Earth Elemental
1239,Essence of Elddar
1240,Essence of Erudite
1241,Essence of Erudite
1242,Essence of Fairy
1243,Essence of Froglok
1244,Essence of Gnome
1245,Essence of Gnome
1246,Essence of Goblin
1247,Essence of Gukta
1248,Essence of Gukta
1249,Essence of Half Elf
1250,Essence of Half Elf
1251,Essence of Halfling
1252,Essence of Halfling
1253,Essence of High Elf
1254,Essence of High Elf
1255,Essence of Human
1256,Essence of Human
1257,Essence of Iksar
1258,Essence of Iksar
1259,Essence of Imp
1260,Essence of Kobold
1261,Essence of Ogre
1262,Essence of Ogre
1263,Essence of Orc
1264,Essence of Skeleton
1265,Essence of Troll
1266,Essence of Troll
1267,Essence of Vah Shir
1268,Essence of Vah Shir
1269,Essence of Wood Elf
1270,Essence of Wood Elf
1271,Essence of the Transposed Elddar
1272,Etherbrewed Toxin
1273,Ethermana Potion
1274,Ethernere Clay Armor Seal
1275,Ethernere Clay Corruption Seal
1276,Ethernere Clay Disease Seal
1277,Ethernere Clay Fire Seal
1278,Ethernere Clay Ice Seal
1279,Ethernere Clay Magic Seal
1280,Ethernere Clay Poison Seal
1281,Ethernere Clay Spell Seal
1282,Ethernere Energy Chowder
1283,Ethernere Restoration Tonic
1284,Ethernere Travel Brew
1285,Ethira's Poison Antidote
1286,Eye of Shadow
1287,Eye of Valor
1288,Fear Jewel of Endurance
1289,Fear Jewel of Life
1290,Fear Jewel of Mana
1291,Fiery Wand of Retribution
1292,Fighter's Bane IV
1293,Fighter's Bane IX
1294,Fighter's Bane V
1295,Fighter's Bane VI
1296,Fighter's Bane VII
1297,Fighter's Bane VIII
1298,Fighter's Bane X
1299,Fighter's Bane XI
1300,Fighter's Bane XII
1301,Fighter's Bane XIII
1302,Fighter's Bane XIV
1303,Fighter's Bane XIX
1304,Fighter's Bane XV
1305,Fighter's Bane XVI
1306,Fighter's Bane XVII
1307,Fighter's Bane XVIII
1308,Fighter's Bane XX
1309,Fish Gill Extract
1310,Flames of Solusek Ro
1311,Flask of Flaming Skulls
1312,Flesh Rot
1313,Floating Skull Potion
1314,Fragment of Ak Anon Stone
1315,Fragment of Cabilis Stone
1316,Fragment of Erudin Stone
1317,Fragment of Felwithe Stone
1318,Fragment of Firiona Vie Stone
1319,Fragment of Freeport Stone
1320,Fragment of Grobb Stone
1321,Fragment of Gukta Stone
1322,Fragment of Halas Stone
1323,Fragment of Kaladim Stone
1324,Fragment of Kelethin Stone
1325,Fragment of Neriak Stone
1326,Fragment of Oggok Stone
1327,Fragment of Paineel Stone
1328,Fragment of Qeynos Stone
1329,Fragment of Riverdale Stone
1330,Fragment of Shar Vahl Stone
1331,Fragment of The Great Divide Stone
1332,Freezing Feedback
1333,Frost Infused Velium Crystal
1334,Frost Soothing Potion
1335,Frothy Goblin Tonic
1336,Fungus Spores
1337,Gate Potion
1338,Gelidran Lament I
1339,Gelidran Lament II
1340,Gelidran Lament III
1341,Gelidran Lament IV
1342,Gelidran Lament IX
1343,Gelidran Lament V
1344,Gelidran Lament VI
1345,Gelidran Lament VII
1346,Gelidran Lament VIII
1347,Gelidran Lament X
1348,Gelidran Lament XI
1349,Gelidran Lament XII
1350,Gelidran Lament XIII
1351,Gelidran Lament XIV
1352,Gelidran Lament XIX
1353,Gelidran Lament XV
1354,Gelidran Lament XVI
1355,Gelidran Lament XVII
1356,Gelidran Lament XVIII
1357,Gelidran Lament XX
1358,Glass of Absinth
1359,Glass of Absinthe
1360,Glass of Chronal Absinthe
1361,Glass of Rose Absinth
1362,Glass of Rose Absinthe
1363,Glass of White Absinth
1364,Glass of White Absinthe
1365,Glob of Vile Bile
1366,Glob of Vile Bile
1367,Glowing Dark Blue Potion
1368,Glowing Fine Steel Scimitar
1369,Glowing Porter
1370,Gnomish Wakening Powder
1371,Goblet of Adventure II
1372,Goblet of Adventure III
1373,Golem Spines
1374,Goreman's Soothing Sludge
1375,Gorowyn Fortified Drink
1376,Gray Potion
1377,Greater Mystical Infusion
1378,Greater Null Potion
1379,Greater Potion of Accuracy
1380,Greater Potion of Adroitness
1381,Greater Potion of Antibody
1382,Greater Potion of Cohesion
1383,Greater Potion of Cold
1384,Greater Potion of Heat
1385,Greater Potion of Negation
1386,Greater Potion of Power
1387,Greater Potion of Purity
1388,Greater Potion of Stability
1389,Greater Potion of Vigor
1390,Green Gift Box
1391,Green Holiday Sparkler
1392,Green Potion
1393,Grey Gift Box
1394,Hand of Shadow
1395,Hate of the Shissar I
1396,Hate of the Shissar II
1397,Hate of the Shissar III
1398,Hate of the Shissar IV
1399,Hate of the Shissar IX
1400,Hate of the Shissar V
1401,Hate of the Shissar VI
1402,Hate of the Shissar VII
1403,Hate of the Shissar VIII
1404,Hate of the Shissar X
1405,Hate of the Shissar XI
1406,Hate of the Shissar XII
1407,Hate of the Shissar XIII
1408,Hate of the Shissar XIV
1409,Hate of the Shissar XIX
1410,Hate of the Shissar XV
1411,Hate of the Shissar XVI
1412,Hate of the Shissar XVII
1413,Hate of the Shissar XVIII
1414,Hate of the Shissar XX
1415,Hawks Eye Tonic
1416,Hazy Crystalline Box
1417,Healing Mud
1418,Heart Blaze
1419,Heat Awareness I
1420,Heat Awareness II
1421,Heat Awareness III
1422,Heat Awareness IV
1423,Heat Awareness V
1424,Hero's Toxin I
1425,Hero's Toxin II
1426,Hero's Toxin III
1427,Ice Spire Cure-All
1428,Imperial Ring of Office
1429,Island Toxin
1430,Itching Madness
1431,Jaydrox Rocks
1432,Jinkin's Hearty Elixir
1433,Kilva's Blistering Flesh
1434,Kilva's Skin of Flame
1435,Kiola Juice
1436,Kithar's Disease Treatment
1437,Lava Potion
1438,Lavender Vial
1439,Lifeforce Potion
1440,Lifesoothing Potion
1441,Lightning Infused Velium Crystal
1442,Lizard Blood Potion
1443,Locked Faction Potion
1444,Maelin's Escape
1445,Magic Awareness I
1446,Magic Awareness II
1447,Magic Awareness III
1448,Magic Awareness IV
1449,Magic Awareness V
1450,Magical Bounty
1451,Mana Infusion
1452,Mana Poison
1453,Mangled Tendon
1454,Mark of Ashengate
1455,Mark of Frostcrypt
1456,Mark of Valdeholm
1457,Mark of Vergalid
1458,Marr's Sustenance
1459,Mask of Shadow
1460,Massive Net
1461,Mayong's Bane
1462,Mental Burn
1463,Mental Discord
1464,Mental Implosion
1465,Messenger's Bane I
1466,Messenger's Bane II
1467,Messenger's Bane III
1468,Messenger's Bane IV
1469,Messenger's Bane IX
1470,Messenger's Bane V
1471,Messenger's Bane VI
1472,Messenger's Bane VII
1473,Messenger's Bane VIII
1474,Messenger's Bane X
1475,Messenger's Bane XI
1476,Messenger's Bane XII
1477,Messenger's Bane XIII
1478,Messenger's Bane XIV
1479,Messenger's Bane XIX
1480,Messenger's Bane XV
1481,Messenger's Bane XVI
1482,Messenger's Bane XVII
1483,Messenger's Bane XVIII
1484,Messenger's Bane XX
1485,Mind Shock
1486,Mind Stir
1487,Minor Irritation
1488,Minor Null Potion
1489,Minor Potion of Antibody
1490,Minor Potion of Cold
1491,Minor Potion of Heat
1492,Minor Potion of Purity
1493,Miraculous Cure-All Potion
1494,Mist of the Ant
1495,Mist of the Breathless
1496,Mist of the Weightless
1497,Mist of the Wolf
1498,Mist of the Wolf I
1499,Mist of the Wolf II
1500,Monk's Bane X
1501,Monk's Bane XI
1502,Monk's Bane XII
1503,Monk's Bane XIII
1504,Monk's Bane XIV
1505,Monk's Bane XIX
1506,Monk's Bane XV
1507,Monk's Bane XVI
1508,Monk's Bane XVII
1509,Monk's Bane XVIII
1510,Monk's Bane XX
1511,Myrmidon's Sloth I
1512,Myrmidon's Sloth II
1513,Myrmidon's Sloth III
1514,Myrmidon's Sloth IV
1515,Myrmidon's Sloth IX
1516,Myrmidon's Sloth V
1517,Myrmidon's Sloth VI
1518,Myrmidon's Sloth VII
1519,Myrmidon's Sloth VIII
1520,Myrmidon's Sloth X
1521,Myrmidon's Sloth XI
1522,Myrmidon's Sloth XII
1523,Myrmidon's Sloth XIII
1524,Myrmidon's Sloth XIV
1525,Myrmidon's Sloth XIX
1526,Myrmidon's Sloth XV
1527,Myrmidon's Sloth XVI
1528,Myrmidon's Sloth XVII
1529,Myrmidon's Sloth XVIII
1530,Mystical Infusion
1531,N/A - Enchant Palladium (x3)
1532,Nematocyst Poison
1533,Nighttime Nostrum
1534,Null Potion
1535,Ol' Pete's Responsible Ale
1536,Oozing Irritation
1537,Ornate Stone Medicine Totem
1538,Packet of Black Sap
1539,Page of Knowledge
1540,Pale Green Potion
1541,Paralyzing Neurotoxin
1542,Phase Spider Blood
1543,Pheromone Hot Chocolate
1544,Philter of Aquatic Haunt
1545,Philter of Clear Sight
1546,Philter of Concealment
1547,Philter of Faerune
1548,Philter of Fleeting Languor
1549,Philter of Gulon's Impunity
1550,Philter of Major Translocation
1551,Philter of Minor Negation
1552,Philter of Minor Translocation
1553,Philter of Shadows
1554,Philter of Unlife Awareness
1555,Philter of Vampiric Spirit
1556,Philter of Wrackbane
1557,Philter of the Ant
1558,Philter of the Bonefield
1559,Philter of the Frostplains
1560,Philter of the Hawk's Eye
1561,Philter of the Serpent
1562,Philter of the Swamp
1563,Philter of the Thicket
1564,Philter of the Titan
1565,Philter of the Twilight
1566,Philter of the Wolf I
1567,Philter of the Wolf II
1568,Philter of the Wolf III
1569,Philter of the Wolf IV
1570,Philter of the Wolf V
1571,Phlogiston Miasma
1572,Planar Clay Corruption Seal
1573,Planar Clay Disease Seal
1574,Planar Clay Fire Seal
1575,Planar Clay Ice Seal
1576,Planar Clay Magic Seal
1577,Planar Clay Poison Seal
1578,Planar Energy Nostrum
1579,Planar Overdose
1580,Pliable Goo
1581,Pod of Red Fungus
1582,Poison Awareness I
1583,Poison Awareness II
1584,Poison Awareness III
1585,Poison Awareness IV
1586,Poison Awareness V
1587,Poor Goblin Disguise
1588,Potent Vitae
1589,Potion Skin of Ro
1590,Potion Soul of the Incorporeal
1591,Potion of Accuracy
1592,Potion of Adroitness
1593,Potion of Adventure
1594,Potion of Adventure II
1595,Potion of Agility
1596,Potion of Antibody
1597,Potion of Antiweight
1598,Potion of Aquatic Haunt
1599,Potion of Assailing
1600,Potion of Barbs
1601,Potion of Binding
1602,Potion of Calimony
1603,Potion of Charisma
1604,Potion of Charming Deceit
1605,Potion of Cohesion
1606,Potion of Cold
1607,Potion of Copal's Demise
1608,Potion of Corpse Retrieval
1609,Potion of Deadishness
1610,Potion of Diminution
1611,Potion of Disease Warding
1612,Potion of Divinity
1613,Potion of Draconic Rage
1614,Potion of Dulsehound
1615,Potion of Escape
1616,Potion of Fire Warding
1617,Potion of Fleeting Languor
1618,Potion of Frosty Insurgency
1619,Potion of Gnomish Boils
1620,Potion of Gorging Toxin
1621,Potion of Graveyard Dust
1622,Potion of Greater Rejuvenation
1623,Potion of Growth
1624,Potion of Growth
1625,Potion of Gulon's Impunity
1626,Potion of Harvest
1627,Potion of Hathcoat's Spirit
1628,Potion of Healing
1629,Potion of Health
1630,Potion of Heat
1631,Potion of Invisibility
1632,Potion of Kromzek Strength
1633,Potion of Lesser Accuracy
1634,Potion of Lesser Adroitness
1635,Potion of Lesser Cohesion
1636,Potion of Lesser Power
1637,Potion of Lesser Rejuvenation
1638,Potion of Lesser Stability
1639,Potion of Lesser Vigor
1640,Potion of Light Healing
1641,Potion of Minor Quickening
1642,Potion of Minor Relief
1643,Potion of Moderate Healing
1644,Potion of Mystical Aptitude
1645,Potion of Negation
1646,Potion of Poison Warding
1647,Potion of Power
1648,Potion of Purity
1649,Potion of Quickened Thought
1650,Potion of Recovery
1651,Potion of Rejuvenation
1652,Potion of Serious Healing
1653,Potion of Shadeweaver
1654,Potion of Shumar's Breath
1655,Potion of Soluan's Vigor
1656,Potion of Somber Origins
1657,Potion of Speed
1658,Potion of Spirit Shield
1659,Potion of Spurn Affliction
1660,Potion of Stability
1661,Potion of Stature
1662,Potion of Stinging Wort
1663,Potion of Sustenance
1664,Potion of Time's Renewal
1665,Potion of Transformation
1666,Potion of Transformation
1667,Potion of Transformation
1668,Potion of Transformation
1669,Potion of Transformation
1670,Potion of Transformation
1671,Potion of Transformation
1672,Potion of Transformation
1673,Potion of Transformation
1674,Potion of Transformation
1675,Potion of Transformation
1676,Potion of Transformation
1677,Potion of Transformation
1678,Potion of Transformation
1679,Potion of Translocation
1680,Potion of Translucence
1681,Potion of Troll's Essence
1682,Potion of Twilight Mists
1683,Potion of Undead's Recourse
1684,Potion of Unlife Awareness
1685,Potion of Vampiric Spirit
1686,Potion of Victory
1687,Potion of Vigor
1688,Potion of Vox's Vitality
1689,Potion of Water Breathing
1690,Potion of Windspeed
1691,Potion of Wisdom
1692,Potion of Wolves Blood
1693,Potion of Wrackbane
1694,Potion of the Bone Field
1695,Potion of the Crusader
1696,Potion of the Frost
1697,Potion of the Swamp
1698,Potion: Distillate of Comprehension
1699,Potion: Distillate of Regeneration
1700,Potion: Distillate of Regeneration
1701,Potion: Distillate of Skinspikes
1702,Potion: Elixir of Clarity III
1703,Potion: Elixir of Clarity X
1704,Potion: Elixir of Healing III
1705,Potion: Elixir of Health III
1706,Potion: Elixir of Resistance
1707,Potion: Elixir of Resistance
1708,Potion: Elixir of Speed III
1709,Potion: Evasive Forestep
1710,Potion: Greater Symbol of Vitality
1711,Potion: Spirit of the Mist Wolf
1712,Potion: Spirit of the Wolf
1713,Pouch of Ghoul Ash
1714,Prime Healer Potion
1715,Prime Healer Potion
1716,Primitive Clay Medicine Totem
1717,Purified Mana Tonic
1718,Purple Gift Box
1719,Pyrilen Burn I
1720,Pyrilen Burn II
1721,Pyrilen Burn III
1722,Pyrilen Burn IV
1723,Pyrilen Burn IX
1724,Pyrilen Burn V
1725,Pyrilen Burn VI
1726,Pyrilen Burn VII
1727,Pyrilen Burn VIII
1728,Pyrilen Burn X
1729,Pyrilen Burn XI
1730,Pyrilen Burn XII
1731,Pyrilen Burn XIII
1732,Pyrilen Burn XIV
1733,Pyrilen Burn XIX
1734,Pyrilen Burn XV
1735,Pyrilen Burn XVI
1736,Pyrilen Burn XVII
1737,Pyrilen Burn XVIII
1738,Pyrilen Burn XX
1739,Quaff of the Craftsman
1740,Quellious' Trauma I
1741,Quellious' Trauma II
1742,Quellious' Trauma III
1743,Quellious' Trauma IV
1744,Quellious' Trauma IX
1745,Quellious' Trauma V
1746,Quellious' Trauma VI
1747,Quellious' Trauma VII
1748,Quellious' Trauma VIII
1749,Quellious' Trauma X
1750,Quellious' Trauma XI
1751,Quellious' Trauma XII
1752,Quellious' Trauma XIII
1753,Quellious' Trauma XIV
1754,Quellious' Trauma XIX
1755,Quellious' Trauma XV
1756,Quellious' Trauma XVI
1757,Quellious' Trauma XVII
1758,Quellious' Trauma XVIII
1759,Quellious' Trauma XX
1760,Quickstrong Coffee
1761,Rage Porter
1762,Rage of Incapacitation
1763,Rat Bone Powder
1764,Red Dragon Tooth
1765,Red Gift Box
1766,Red Holiday Sparkler
1767,Red Potion
1768,Red Relaxing Tea
1769,Regeneration Awareness I
1770,Regeneration Awareness II
1771,Regeneration Awareness III
1772,Regeneration Awareness IV
1773,Regeneration Awareness V
1774,Relic Fragment Figurine
1775,Resistance of the Cave Bear
1776,Resnel's Curious Concoction
1777,Restless Focus
1778,Restless Icicle
1779,Restorative Potion
1780,Rose Absinth
1781,Rose Absinthe
1782,Rotting Chalandria's Bite I
1783,Rotting Chalandria's Bite II
1784,Rotting Chalandria's Bite III
1785,Rotting Chalandria's Bite IV
1786,Rotting Chalandria's Bite IX
1787,Rotting Chalandria's Bite V
1788,Rotting Chalandria's Bite VI
1789,Rotting Chalandria's Bite VII
1790,Rotting Chalandria's Bite VIII
1791,Rotting Chalandria's Bite X
1792,Rotting Chalandria's Bite XI
1793,Rotting Chalandria's Bite XII
1794,Rotting Chalandria's Bite XIII
1795,Rotting Chalandria's Bite XIV
1796,Rotting Chalandria's Bite XV
1797,Rotting Concentrated Chalandria's Bite I
1798,Rotting Concentrated Chalandria's Bite II
1799,Rotting Concentrated Chalandria's Bite III
1800,Rotting Concentrated Chalandria's Bite IV
1801,Rotting Concentrated Chalandria's Bite IX
1802,Rotting Concentrated Chalandria's Bite V
1803,Rotting Concentrated Chalandria's Bite VI
1804,Rotting Concentrated Chalandria's Bite VII
1805,Rotting Concentrated Chalandria's Bite VIII
1806,Rotting Concentrated Chalandria's Bite X
1807,Rotting Concentrated Chalandria's Bite XI
1808,Rotting Concentrated Chalandria's Bite XII
1809,Rotting Concentrated Chalandria's Bite XIII
1810,Rotting Concentrated Chalandria's Bite XIV
1811,Rotting Concentrated Chalandria's Bite XV
1812,Rune of the Ages
1813,Runed Sea Shell
1814,Runed Sea Shell
1815,Saplift Potion
1816,Satyr Draught of Insight
1817,Satyr Hunter's Draught
1818,Scarecrow Potion
1819,Scoriae Bite
1820,Scorpion's Agony I
1821,Scorpion's Agony II
1822,Scorpion's Agony III
1823,Scorpion's Agony IV
1824,Scorpion's Agony IX
1825,Scorpion's Agony V
1826,Scorpion's Agony VI
1827,Scorpion's Agony VII
1828,Scorpion's Agony VIII
1829,Scorpion's Agony X
1830,Scorpion's Agony XI
1831,Scorpion's Agony XII
1832,Scorpion's Agony XIII
1833,Scorpion's Agony XIV
1834,Scorpion's Agony XIX
1835,Scorpion's Agony XV
1836,Scorpion's Agony XVI
1837,Scorpion's Agony XVII
1838,Scorpion's Agony XVIII
1839,Scorpion's Agony XX
1840,Scratching Madness
1841,Scythe of Skeletal Expulsion
1842,Seafarer's Fortified Drink
1843,Seaport Cure-All
1844,Seeping Haze
1845,Serpent Blood Potion
1846,Serpent's Conviction
1847,Shard of Golem Stone
1848,Shared Goblet of Adventure II
1849,Shared Goblet of Adventure III
1850,Shimmering Brown Potion
1851,Shimmering Green Potion
1852,Shimmering Red Potion
1853,Shimmering Vial of Accuracy
1854,Shimmering Vial of Cohesion
1855,Shimmering Vial of Power
1856,Shimmering Vial of Rejuvenation
1857,Shimmering Vial of Stability
1858,Shimmering Vial of Vigor
1859,Shimmering White Potion
1860,Shimmering Yellow Potion
1861,Shiny Brass Idol
1862,Silver Gift Box
1863,Sokokar Cage
1864,Solusek's Burn I
1865,Solusek's Burn II
1866,Solusek's Burn III
1867,Solusek's Burn IV
1868,Solusek's Burn IX
1869,Solusek's Burn V
1870,Solusek's Burn VI
1871,Solusek's Burn VII
1872,Solusek's Burn VIII
1873,Solusek's Burn X
1874,Solusek's Burn XI
1875,Solusek's Burn XII
1876,Solusek's Burn XIII
1877,Solusek's Burn XIV
1878,Solusek's Burn XIX
1879,Solusek's Burn XV
1880,Solusek's Burn XVI
1881,Solusek's Burn XVII
1882,Solusek's Burn XVIII
1883,Solusek's Burn XX
1884,Spicy Planar Chili
1885,Spider's Bite I
1886,Spider's Bite II
1887,Spider's Bite III
1888,Spider's Bite IV
1889,Spider's Bite IX
1890,Spider's Bite V
1891,Spider's Bite VI
1892,Spider's Bite VII
1893,Spider's Bite VIII
1894,Spider's Bite X
1895,Spider's Bite XI
1896,Spider's Bite XII
1897,Spider's Bite XIII
1898,Spider's Bite XIV
1899,Spider's Bite XIX
1900,Spider's Bite XV
1901,Spider's Bite XVI
1902,Spider's Bite XVII
1903,Spider's Bite XVIII
1904,Spider's Bite XX
1905,Spinal Disorientation
1906,Spine Bruiser
1907,Spine Rend
1908,Spinning Confusion
1909,Spirit Shift
1910,Sporeling Essence Potion
1911,Stew of Fear
1912,Sting of the Shissar
1913,Strathbone Antivenom
1914,Strike of Ssraeshza I
1915,Strike of Ssraeshza II
1916,Strike of Ssraeshza III
1917,Strike of Ssraeshza IV
1918,Strike of Ssraeshza IX
1919,Strike of Ssraeshza V
1920,Strike of Ssraeshza VI
1921,Strike of Ssraeshza VII
1922,Strike of Ssraeshza VIII
1923,Strike of Ssraeshza X
1924,Strike of Ssraeshza XI
1925,Strike of Ssraeshza XII
1926,Strike of Ssraeshza XIII
1927,Strike of Ssraeshza XIV
1928,Strike of Ssraeshza XIX
1929,Strike of Ssraeshza XV
1930,Strike of Ssraeshza XVI
1931,Strike of Ssraeshza XVII
1932,Strike of Ssraeshza XVIII
1933,Strike of Ssraeshza XX
1934,Strike of the Shissar I
1935,Strike of the Shissar II
1936,Strike of the Shissar III
1937,Strike of the Shissar IV
1938,Strike of the Shissar IX
1939,Strike of the Shissar V
1940,Strike of the Shissar VI
1941,Strike of the Shissar VII
1942,Strike of the Shissar VIII
1943,Strike of the Shissar X
1944,Strike of the Shissar XI
1945,Strike of the Shissar XII
1946,Strike of the Shissar XIII
1947,Strike of the Shissar XIV
1948,Strike of the Shissar XIX
1949,Strike of the Shissar XV
1950,Strike of the Shissar XVI
1951,Strike of the Shissar XVII
1952,Strike of the Shissar XVIII
1953,Strike of the Shissar XX
1954,Summoned: 10 Dose Scoriae Bite
1955,Summoned: Scoriae Bite
1956,Summoned: Waterstone
1957,Swirling Blue Potion
1958,Swirling Emerald Purifying Potion
1959,Systemic Destruction
1960,Tallon's Tactic XIV
1961,Tallon's Tactic XIX
1962,Tallon's Tactic XV
1963,Tallon's Tactic XVI
1964,Tallon's Tactic XVII
1965,Tallon's Tactic XVIII
1966,Tallon's Tactic XX
1967,Temporal Toxin
1968,Terror Fish Sushi Rolls
1969,Thick Amber Potion
1970,Thought Elixir of the Council
1971,Titan Potion
1972,Tonic of Benefit Affinity I
1973,Tonic of Benefit Affinity II
1974,Tonic of Benefit Affinity III
1975,Tonic of Benefit Affinity IV
1976,Tonic of Benefit Affinity IX
1977,Tonic of Benefit Affinity V
1978,Tonic of Benefit Affinity VI
1979,Tonic of Benefit Affinity VII
1980,Tonic of Benefit Affinity VIII
1981,Tonic of Benefit Affinity X
1982,Tonic of Benefit Affinity XI
1983,Tonic of Chromatic Affinity I
1984,Tonic of Chromatic Affinity II
1985,Tonic of Chromatic Affinity III
1986,Tonic of Chromatic Affinity IV
1987,Tonic of Chromatic Affinity IX
1988,Tonic of Chromatic Affinity V
1989,Tonic of Chromatic Affinity VI
1990,Tonic of Chromatic Affinity VII
1991,Tonic of Chromatic Affinity VIII
1992,Tonic of Chromatic Affinity X
1993,Tonic of Chromatic Affinity XI
1994,Tonic of Contagion Affinity I
1995,Tonic of Contagion Affinity II
1996,Tonic of Contagion Affinity III
1997,Tonic of Contagion Affinity IV
1998,Tonic of Contagion Affinity IX
1999,Tonic of Contagion Affinity V
2000,Tonic of Contagion Affinity VI
2001,Tonic of Contagion Affinity VII
2002,Tonic of Contagion Affinity VIII
2003,Tonic of Contagion Affinity X
2004,Tonic of Contagion Affinity XI
2005,Tonic of Distance Affinity I
2006,Tonic of Distance Affinity II
2007,Tonic of Distance Affinity III
2008,Tonic of Distance Affinity IV
2009,Tonic of Distance Affinity IX
2010,Tonic of Distance Affinity V
2011,Tonic of Distance Affinity VI
2012,Tonic of Distance Affinity VII
2013,Tonic of Distance Affinity VIII
2014,Tonic of Distance Affinity X
2015,Tonic of Distance Affinity XI
2016,Tonic of Efficiency Affinity I
2017,Tonic of Efficiency Affinity II
2018,Tonic of Efficiency Affinity III
2019,Tonic of Efficiency Affinity IV
2020,Tonic of Efficiency Affinity IX
2021,Tonic of Efficiency Affinity V
2022,Tonic of Efficiency Affinity VI
2023,Tonic of Efficiency Affinity VII
2024,Tonic of Efficiency Affinity VIII
2025,Tonic of Efficiency Affinity X
2026,Tonic of Efficiency Affinity XI
2027,Tonic of Empowerment
2028,Tonic of Gelid Affinity I
2029,Tonic of Gelid Affinity II
2030,Tonic of Gelid Affinity III
2031,Tonic of Gelid Affinity IV
2032,Tonic of Gelid Affinity IX
2033,Tonic of Gelid Affinity V
2034,Tonic of Gelid Affinity VI
2035,Tonic of Gelid Affinity VII
2036,Tonic of Gelid Affinity VIII
2037,Tonic of Gelid Affinity X
2038,Tonic of Gelid Affinity XI
2039,Tonic of Heat Affinity I
2040,Tonic of Heat Affinity II
2041,Tonic of Heat Affinity III
2042,Tonic of Heat Affinity IV
2043,Tonic of Heat Affinity IX
2044,Tonic of Heat Affinity V
2045,Tonic of Heat Affinity VI
2046,Tonic of Heat Affinity VII
2047,Tonic of Heat Affinity VIII
2048,Tonic of Heat Affinity X
2049,Tonic of Heat Affinity XI
2050,Tonic of Magic Affinity I
2051,Tonic of Magic Affinity II
2052,Tonic of Magic Affinity III
2053,Tonic of Magic Affinity IV
2054,Tonic of Magic Affinity IX
2055,Tonic of Magic Affinity V
2056,Tonic of Magic Affinity VI
2057,Tonic of Magic Affinity VII
2058,Tonic of Magic Affinity VIII
2059,Tonic of Magic Affinity X
2060,Tonic of Magic Affinity XI
2061,Tonic of Regeneration Affinity I
2062,Tonic of Regeneration Affinity II
2063,Tonic of Regeneration Affinity III
2064,Tonic of Regeneration Affinity IV
2065,Tonic of Regeneration Affinity IX
2066,Tonic of Regeneration Affinity V
2067,Tonic of Regeneration Affinity VI
2068,Tonic of Regeneration Affinity VII
2069,Tonic of Regeneration Affinity VIII
2070,Tonic of Regeneration Affinity X
2071,Tonic of Regeneration Affinity XI
2072,Tonic of Resonant Chromal XII
2073,Tonic of Resonant Chromal XIII
2074,Tonic of Resonant Chromal XIV
2075,Tonic of Resonant Chromal XV
2076,Tonic of Resonant Chromal XVI
2077,Tonic of Resonant Chromal XVII
2078,Tonic of Resonant Disease XII
2079,Tonic of Resonant Disease XIII
2080,Tonic of Resonant Disease XIV
2081,Tonic of Resonant Disease XV
2082,Tonic of Resonant Disease XVI
2083,Tonic of Resonant Disease XVII
2084,Tonic of Resonant Elemental XII
2085,Tonic of Resonant Elemental XIII
2086,Tonic of Resonant Elemental XIV
2087,Tonic of Resonant Elemental XV
2088,Tonic of Resonant Elemental XVI
2089,Tonic of Resonant Elemental XVII
2090,Tonic of Resonant Fire XII
2091,Tonic of Resonant Fire XIII
2092,Tonic of Resonant Fire XIV
2093,Tonic of Resonant Fire XV
2094,Tonic of Resonant Fire XVI
2095,Tonic of Resonant Fire XVII
2096,Tonic of Resonant Frost XII
2097,Tonic of Resonant Frost XIII
2098,Tonic of Resonant Frost XIV
2099,Tonic of Resonant Frost XV
2100,Tonic of Resonant Frost XVI
2101,Tonic of Resonant Frost XVII
2102,Tonic of Resonant Magic XII
2103,Tonic of Resonant Magic XIII
2104,Tonic of Resonant Magic XIV
2105,Tonic of Resonant Magic XV
2106,Tonic of Resonant Magic XVI
2107,Tonic of Resonant Magic XVII
2108,Tonic of Resonant Toxin XII
2109,Tonic of Resonant Toxin XIII
2110,Tonic of Resonant Toxin XIV
2111,Tonic of Resonant Toxin XV
2112,Tonic of Resonant Toxin XVI
2113,Tonic of Resonant Toxin XVII
2114,Tonic of Toxin Affinity I
2115,Tonic of Toxin Affinity II
2116,Tonic of Toxin Affinity III
2117,Tonic of Toxin Affinity IV
2118,Tonic of Toxin Affinity IX
2119,Tonic of Toxin Affinity V
2120,Tonic of Toxin Affinity VI
2121,Tonic of Toxin Affinity VII
2122,Tonic of Toxin Affinity VIII
2123,Tonic of Toxin Affinity X
2124,Tonic of Toxin Affinity XI
2125,Torch of the Wraithguard
2126,Toxic Blue
2127,Tropical Cure-All
2128,Tunareberry
2129,Turtle's Drink
2130,Vallon's Tactic XIV
2131,Vallon's Tactic XIX
2132,Vallon's Tactic XV
2133,Vallon's Tactic XVI
2134,Vallon's Tactic XVII
2135,Vallon's Tactic XVIII
2136,Vallon's Tactic XX
2137,Vascular Inferno
2138,Velium Fortified Drink
2139,Vial of Accuracy
2140,Vial of Adroitness
2141,Vial of Bellikos Blood
2142,Vial of Charm
2143,Vial of Cohesion
2144,Vial of Egg Whites
2145,Vial of Elemental Water
2146,Vial of Ethereal Mist
2147,Vial of Gooey Black Gel
2148,Vial of Power
2149,Vial of Rejuvenation
2150,Vial of Stability
2151,Vial of Swirling Mist
2152,Vial of Swirling Smoke
2153,Vial of Tamed Mercury
2154,Vial of Testing
2155,Vial of Troll Blood
2156,Vial of Vampire Blood
2157,Vial of Velium Vapors
2158,Vial of Vigor
2159,Violasuthia Healing Potion
2160,Wand of the Blood Curse
2161,Warlord's Bane IV
2162,Warlord's Bane IX
2163,Warlord's Bane V
2164,Warlord's Bane VI
2165,Warlord's Bane VII
2166,Warlord's Bane VIII
2167,Warlord's Bane X
2168,Warlord's Bane XI
2169,Warlord's Bane XII
2170,Warlord's Bane XIII
2171,Warlord's Bane XIV
2172,Warlord's Bane XIX
2173,Warlord's Bane XV
2174,Warlord's Bane XVI
2175,Warlord's Bane XVII
2176,Warlord's Bane XVIII
2177,Warlord's Bane XX
2178,Wasted Flesh
2179,Waterlung
2180,Weightless Mist
2181,White Dragon Tooth
2182,White Gift Box
2183,White Holiday Sparkler
2184,White Potion
2185,Withering Flesh
2186,Xygoz's Tonic
2187,Yellow Potion
2188,Zap Doodle Tonic
2189,Zombie Bane
